{"share_type":"discussion","created":"2014-10-22T10:39:15-07:00","createdBy":"rwilliams38","title":"Closure of droid7 wikispace","description":"Hello users<br \/>\n<br \/>\nThe droid7 wikispace will be closing shortly due to changes in their policy on non-education wikis.  The site has been exported so all content has been saved. <br \/>\n<br \/>\nThere are a number of other places where information can be found on DROID. These include a DROID Google group (<!-- ws:start:WikiTextUrlRule:10:https:\/\/groups.google.com\/forum\/#!forum\/droid-list --><a class=\"wiki_link_ext\" href=\"https:\/\/groups.google.com\/forum\/#!forum\/droid-list\" rel=\"nofollow\">https:\/\/groups.google.com\/forum\/#!forum\/droid-list<\/a><!-- ws:end:WikiTextUrlRule:10 -->) and a mailbox monitored daily (pronom@nationalarchives.gsi.gov.uk).<br \/>\n<br \/>\nAdditionally, for those that use the Functional Requirements Index, then you can make a pull request via the DROID space on GitHub.  <br \/>\n<br \/>\nPlease do keep in touch with us via any of these means.<br \/>\n<br \/>\nThanks, Richard","replies":[]}