{"page":"requirement0041","page_id":"89517514","rangeText":"While x-fmt give us a way to identify however a file format, this looks like as a \"not\" official format. Therefore we would like to have a way to specify that we would like to exclude such results from Droid when identifying a file format.","share_type":"comment","created":"2012-11-12T04:48:51-08:00","createdBy":"DClipsham","title":"Comment: Dclipsham: x-puids are legitimate for...","description":"Dclipsham: x-puids are legitimate format puids unfortunately. The history is basically that x-puids were our devtest puids and would be changed to standard puids on release. For whatever reason, a number of these made it through to production. We consulted the community about removing them\/making them 'proper' puids, but by that stage these had already been used in live workflows so they would cause issues if removed.","replies":[{"user":"FredericBregier","created":"2012-11-17T09:50:40-08:00","body":"And what about to propose a new &quot;double&quot; puid, such that this new &quot;official&quot; puid is a superset of the old &quot;x-puid&quot;.<br \/>\n<br \/>\nIn link with the need to provide &quot;all&quot; known compatible puid found from a file (requirement 038), it could be one way to enable everyone to move smoothly to the new name. One will found by checking again the same file a new puid, but in the extra list will be provided the old one (x-puid) as compatible one. Therefore it will not be an error but a need to update.<br \/>\n<br \/>\nWhatever the way, we need the 038 since in Droid one file could be identified differently with new versions of PRONOM. <br \/>\n<br \/>\nSo I think it should not be an issue to create a new &quot;official&quot; entry for those old x-puid, and then keeping x-puid for testing for new one when created.<br \/>\n<br \/>\nCurrently, in some organizations, those x-puid are not considered as &quot;valid&quot; and therefore cause us some issues."}]}