{"share_type":"discussion","created":"2012-01-20T07:44:28-08:00","createdBy":"rspencer_tna","title":"ICC Color Profiles","description":"The National Archives does not currently have an approach to identify ICC color profiles. Despite a simple a well documented signature that can identify all previous and future versions of the format, it is complicated by its existence within 'container' formats. For example, within JPEG2000 an entire profile can be stored. DROID will identify the JP2 first, to identify the ICC profile as well DROID would need to report a multiple identification. Can DROID somehow report on both easily and unambiguously?","replies":[]}