{"share_type":"discussion","created":"2011-12-19T06:07:06-08:00","createdBy":"rspencer_tna","title":"Non-functional Requirements","description":"<!-- ws:start:WikiTextHeadingRule:0:&lt;h3&gt; --><h3 id=\"toc0\"><a name=\"x--Non-functional requirements\"><\/a><!-- ws:end:WikiTextHeadingRule:0 -->Non-functional requirements<\/h3>\n<br \/>\nThe harder requirements to capture which came out of the DROID consultation event were those that can loosely be defined as non-functional requirements. We have listed the core messages below, please add comments or suggestions via this discussion topic:<br \/>\n<br \/>\n- <strong>Visibility:<\/strong> DROID needs to be more visible<br \/>\n- <strong>Search Engine Optimisation:<\/strong> Users need to be able to find DROID<br \/>\n- <strong>Hosting:<\/strong> Is SourceForge.net suitable hosting?<br \/>\n- <strong>Modularity:<\/strong> Can DROID be made into separate apps for different use cases? Should there be fewer use cases represented?<br \/>\n- <strong>Package:<\/strong> DROID needs to be better packaged for its respective platforms - what processes do we need to go through to do this?<br \/>\n- <strong>Communication:<\/strong> TNA can help users by presenting use cases (how DROID is used and where) and opening up communication pathways between users<br \/>\n- <strong>Upgradeability:<\/strong> Can TNA make upgrading DROID easier by reducing the number of major enhancements and staging things in a more controlled manner?<br \/>\n<br \/>\n<strong>Note:<\/strong> If it looks like a subject warrants its own discussion we will endeavour to open up a new thread, although users should feel free to do this as they want as well.","replies":[{"user":"afetherston","created":"2011-12-22T02:11:12-08:00","body":"Just a quick comment about signature releases. Having just moved to an organisation that has toyed around with DROID in the past, I think there is an issue with some organisations in getting access to signature updates. Here at LAARC, DROID is unable to automatically update the signatures it uses because of certain firewall settings used by the the parent organisation - so when I arrived sig version 45 was still being used here! For organisations like this, getting an email notification when a new signature is released would really help out, and keep them using the tool, and hopefully make them aware that it is continually being developed."},{"user":"rspencer_tna","created":"2012-01-20T07:21:22-08:00","body":"I think this is a useful suggestion Andrew. I think there are a number of ways of approaching how this can be sent out."},{"user":"rspencer_tna","created":"2012-01-20T07:23:51-08:00","body":"An additional non-functional requirement but is related to the original post is that The National Archives could provide a <strong>clearer line of support<\/strong> for the tool. This could benefit other government departments and the rest of the community. At the moment we recommend <!-- ws:start:WikiTextUrlEmailRule:0:pronom@nationalarchives.gov.uk --><a class=\"wiki_link_ext\" href=\"mailto:pronom@nationalarchives.gov.uk\" rel=\"nofollow\">pronom@nationalarchives.gov.uk<\/a><!-- ws:end:WikiTextUrlEmailRule:0 --> but visibility and clearer lines of communication will certainly help as will clearer statements of intent such as product road maps, maybe even if such road maps only exist for the signatures we intend to develop."},{"user":"anjacks0n","created":"2012-02-07T13:26:53-08:00","body":"Perhaps you could use SourceForge or some other standard issue tracker to track the status of format requests?<br \/>\n<br \/>\nAlso, could you tell me whether the following is a 'functional requirement' or a 'non-functional one':<br \/>\n<br \/>\nDROID 7 source package should be complete and buildable, using the supplied Maven file and not relying on a particular version of NetBeans.<br \/>\n<br \/>\nThanks.<br \/>\nAndy"},{"user":"rspencer_tna","created":"2012-02-08T07:29:32-08:00","body":"It is non-functional. &quot;DROID is complete and buildable&quot;. The description should probably avoid mentioning technology used to see that realised but perhaps describe what complete and buildable means in this context. (Even though we are aware of some problems, someone picking up these requirements from nowhere might not). Is maven necessary or are there other ways of doing this?"},{"user":"anjacks0n","created":"2012-02-08T13:15:18-08:00","body":"Personally, I would choose to be more prescriptive, as enforcing a Maven build that works from a command-line on a clean install provides a build framework that is compatible with all known IDEs (and you're pretty much there already anyway).<br \/>\n<br \/>\nI would also suggest that releases are deposited on Maven central to make re-use easier. As we've said before, Carl and I are happy to help there if that is considered useful."},{"user":"MattPalmer","created":"2012-02-08T13:47:24-08:00","body":"The main issue with it not being immediately buildable using maven is that there are about 4 libraries which are used that are not in any maven repositories (one of which being my own byteseek library, which I intend to rectify by putting it in the maven repositories - I may have to ask you the best way of doing that!).  <br \/>\n<br \/>\nThe others are netbeans platform licenses, which were used to build parts of the GUI.  I have no idea why these libraries can't be distributed in a maven repository, but I suspect it's something to do with their licenses.<br \/>\n<br \/>\nIt was in fact, not developed with Netbeans, but with Eclipse.  The main reason the netbeans platform libraries ended up being used in the GUI was there was no other good Swing library for doing tree-table style controls (the outline control).  The others (e.g. beansbinding) probably just ended up there by a process of osmosis. <br \/>\n<br \/>\nI think the GUI tree outline control is the only one which would be hard to replace or to make available in maven by default."},{"user":"anjacks0n","created":"2012-02-09T03:25:37-08:00","body":"We (Carl and Andy at the BL) had a go at fixing up the Maven dependencies. We bundled byteseek-1.1 and linked to the <!-- ws:start:WikiTextUrlRule:0:http:\/\/bits.netbeans.org\/maven2\/ --><a class=\"wiki_link_ext\" href=\"http:\/\/bits.netbeans.org\/maven2\/\" rel=\"nofollow\">http:\/\/bits.netbeans.org\/maven2\/<\/a><!-- ws:end:WikiTextUrlRule:0 --> repository to pick up the NetBeans dependencies. However, IIRC, this also involved changing the versions of some dependencies, and the GUI appears to break. :-( See <!-- ws:start:WikiTextUrlRule:1:https:\/\/github.com\/openplanets\/droid --><a class=\"wiki_link_ext\" href=\"https:\/\/github.com\/openplanets\/droid\" rel=\"nofollow\">https:\/\/github.com\/openplanets\/droid<\/a><!-- ws:end:WikiTextUrlRule:1 --> for more info."}]}